"Chained CPI for All Urban Consumers, U.S. city average (C-CPI-U)",,,,,,,,,,,,,,,,,,,,,,,,,,,,,,,,,,,,,,,,,,,,,,,,,,,,,,,,,,,,,,,,,,,,,,,,,,,,,,,,,,,,,,,,,,,,,,,,,,,,,,,,,,,,,,,,,,,,,,,,,,,,,,,,,,,,,,,,,,,,,,,,,,,,,,,,,,,,,,,,,,,,,,,,,,,,,,,,,,,,,,,,,,,,,,,,,,,,,,,,,,,,,,,,,,,,,,,,,,,,,,,,,,,,,,,,,,,,,,,,,,,,,,,,,,,,,,,,,,,,,,,,,,,,,,,,,,,,,
Years:,,2000 to 2022,,"in U.S. city average, all urban consumers, chained, not seasonally adjusted",,,,,,,,DECEMBER 1999=100,,,,,,,,,,,,,,,,,,,,,,,,,,,,,,,,,,,,,,,,,,,,,,,,,,,,,,,,,,,,,,,,,,,,,,,,,,,,,,,,,,,,,,,,,,,,,,,,,,,,,,,,,,,,,,,,,,,,,,,,,,,,,,,,,,,,,,,,,,,,,,,,,,,,,,,,,,,,,,,,,,,,,,,,,,,,,,,,,,,,,,,,,,,,,,,,,,,,,,,,,,,,,,,,,,,,,,,,,,,,,,,,,,,,,,,,,,,,,,,,,,,,,,,,,,,,,,,,,,,,,,,,,
,,,,,,,,,,,,,,,,,,,,,,,,,,,,,,,,,,,,,,,,,,,,,,,,,,,,,,,,,,,,,,,,,,,,,,,,,,,,,,,,,,,,,,,,,,,,,,,,,,,,,,,,,,,,,,,,,,,,,,,,,,,,,,,,,,,,,,,,,,,,,,,,,,,,,,,,,,,,,,,,,,,,,,,,,,,,,,,,,,,,,,,,,,,,,,,,,,,,,,,,,,,,,,,,,,,,,,,,,,,,,,,,,,,,,,,,,,,,,,,,,,,,,,,,,,,,,,,,,,,,,,,,,,,,,,,,,,,,,
Series ID,Good Type,"Jan
2000","Feb
2000","Mar
2000","Apr
2000","May
2000","Jun
2000","Jul
2000","Aug
2000","Sep
2000","Oct
2000","Nov
2000","Dec
2000","Jan
2001","Feb
2001","Mar
2001","Apr
2001","May
2001","Jun
2001","Jul
2001","Aug
2001","Sep
2001","Oct
2001","Nov
2001","Dec
2001","Jan
2002","Feb
2002","Mar
2002","Apr
2002","May
2002","Jun
2002","Jul
2002","Aug
2002","Sep
2002","Oct
2002","Nov
2002","Dec
2002","Jan
2003","Feb
2003","Mar
2003","Apr
2003","May
2003","Jun
2003","Jul
2003","Aug
2003","Sep
2003","Oct
2003","Nov
2003","Dec
2003","Jan
2004","Feb
2004","Mar
2004","Apr
2004","May
2004","Jun
2004","Jul
2004","Aug
2004","Sep
2004","Oct
2004","Nov
2004","Dec
2004","Jan
2005","Feb
2005","Mar
2005","Apr
2005","May
2005","Jun
2005","Jul
2005","Aug
2005","Sep
2005","Oct
2005","Nov
2005","Dec
2005","Jan
2006","Feb
2006","Mar
2006","Apr
2006","May
2006","Jun
2006","Jul
2006","Aug
2006","Sep
2006","Oct
2006","Nov
2006","Dec
2006","Jan
2007","Feb
2007","Mar
2007","Apr
2007","May
2007","Jun
2007","Jul
2007","Aug
2007","Sep
2007","Oct
2007","Nov
2007","Dec
2007","Jan
2008","Feb
2008","Mar
2008","Apr
2008","May
2008","Jun
2008","Jul
2008","Aug
2008","Sep
2008","Oct
2008","Nov
2008","Dec
2008","Jan
2009","Feb
2009","Mar
2009","Apr
2009","May
2009","Jun
2009","Jul
2009","Aug
2009","Sep
2009","Oct
2009","Nov
2009","Dec
2009","Jan
2010","Feb
2010","Mar
2010","Apr
2010","May
2010","Jun
2010","Jul
2010","Aug
2010","Sep
2010","Oct
2010","Nov
2010","Dec
2010","Jan
2011","Feb
2011","Mar
2011","Apr
2011","May
2011","Jun
2011","Jul
2011","Aug
2011","Sep
2011","Oct
2011","Nov
2011","Dec
2011","Jan
2012","Feb
2012","Mar
2012","Apr
2012","May
2012","Jun
2012","Jul
2012","Aug
2012","Sep
2012","Oct
2012","Nov
2012","Dec
2012","Jan
2013","Feb
2013","Mar
2013","Apr
2013","May
2013","Jun
2013","Jul
2013","Aug
2013","Sep
2013","Oct
2013","Nov
2013","Dec
2013","Jan
2014","Feb
2014","Mar
2014","Apr
2014","May
2014","Jun
2014","Jul
2014","Aug
2014","Sep
2014","Oct
2014","Nov
2014","Dec
2014","Jan
2015","Feb
2015","Mar
2015","Apr
2015","May
2015","Jun
2015","Jul
2015","Aug
2015","Sep
2015","Oct
2015","Nov
2015","Dec
2015","Jan
2016","Feb
2016","Mar
2016","Apr
2016","May
2016","Jun
2016","Jul
2016","Aug
2016","Sep
2016","Oct
2016","Nov
2016","Dec
2016","Jan
2017","Feb
2017","Mar
2017","Apr
2017","May
2017","Jun
2017","Jul
2017","Aug
2017","Sep
2017","Oct
2017","Nov
2017","Dec
2017","Jan
2018","Feb
2018","Mar
2018","Apr
2018","May
2018","Jun
2018","Jul
2018","Aug
2018","Sep
2018","Oct
2018","Nov
2018","Dec
2018","Jan
2019","Feb
2019","Mar
2019","Apr
2019","May
2019","Jun
2019","Jul
2019","Aug
2019","Sep
2019","Oct
2019","Nov
2019","Dec
2019","Jan
2020","Feb
2020","Mar
2020","Apr
2020","May
2020","Jun
2020","Jul
2020","Aug
2020","Sep
2020","Oct
2020","Nov
2020","Dec
2020","Jan
2021","Feb
2021","Mar
2021","Apr
2021","May
2021","Jun
2021","Jul
2021","Aug
2021","Sep
2021","Oct
2021","Nov
2021","Dec
2021","Jan
2022","Feb
2022","Mar
2022","Apr
2022","May
2022","Jun
2022","Jul
2022","Aug
2022","Sep
2022","Oct
2022","Nov
2022","Dec
2022"
SUUR0000SA0,All Items,100.3,100.9,101.6,101.6,101.7,102.1,102.3,102.3,102.8,102.9,102.8,102.6,103.3,103.7,103.9,104.2,104.6,104.8,104.5,104.6,104.9,104.7,104.4,103.9,104.2,104.5,105.1,105.6,105.6,105.6,105.7,106.0,106.3,106.4,106.3,106.0,106.5,107.3,107.9,107.7,107.5,107.6,107.7,108.2,108.5,108.4,108.0,107.8,108.5,109.1,109.7,110.0,110.6,110.8,110.7,110.7,111.0,111.6,111.6,111.2,111.3,111.9,112.6,113.4,113.3,113.2,113.7,114.3,115.6,115.7,114.9,114.4,115.2,115.4,116.0,116.9,117.5,117.7,118.1,118.3,117.8,117.1,116.9,117.0,117.330,117.877,118.913,119.666,120.292,120.439,120.377,120.288,120.638,120.885,121.481,121.295,121.867,122.250,123.323,124.116,125.171,126.307,126.918,126.594,126.551,125.500,123.044,121.557,122.095,122.598,122.803,123.053,123.427,124.485,124.293,124.620,124.706,124.791,124.788,124.544,124.987,124.972,125.442,125.620,125.678,125.521,125.536,125.756,125.830,125.969,125.920,126.143,126.778,127.363,128.585,129.483,129.999,129.846,129.983,130.351,130.635,130.373,130.196,129.844,130.438,130.953,131.905,132.284,132.154,131.956,131.731,132.430,132.988,132.892,132.208,131.770,132.137,133.204,133.558,133.421,133.626,133.900,133.919,134.098,134.255,133.876,133.596,133.509,134.017,134.542,135.375,135.771,136.216,136.433,136.392,136.127,136.211,135.891,135.107,134.207,133.487,134.053,134.969,135.222,135.977,136.391,136.371,136.125,135.837,135.735,135.393,134.788,134.966,134.953,135.655,136.332,136.895,137.329,137.007,137.026,137.328,137.536,137.253,137.221,138.035,138.403,138.461,138.810,138.922,138.989,138.755,139.128,139.878,139.782,139.720,139.546,140.239,140.805,141.142,141.662,142.146,142.349,142.317,142.317,142.489,142.700,142.238,141.699,142.001,142.571,143.297,143.926,144.183,144.243,144.409,144.388,144.428,144.629,144.518,144.251,144.813,145.193,144.913,144.142,144.018,144.847,145.747,146.270,146.417,146.382,146.242,146.408,147.125,147.845,148.746,149.903,151.022,152.295,153.076,153.301,153.734,154.973,155.687,156.116,157.414,158.807,160.688,161.573,163.151,165.118,165.310,,,,,
SUUR0000SA0E,Energy,100.2,103.7,108.9,107.8,108.0,115.3,115.4,111.9,115.9,114.0,113.4,112.6,116.8,116.4,114.4,117.5,123.7,124.7,117.4,114.8,117.9,108.7,102.6,98.3,98.6,97.8,101.9,107.9,108.5,110.4,110.9,111.2,111.4,110.7,110.3,108.6,112.4,118.9,125.4,121.5,118.1,120.6,120.9,124.4,128.0,120.9,117.4,116.4,121.3,123.9,125.6,128.0,135.1,140.3,137.2,136.2,135.5,138.1,138.5,134.4,132.9,135.6,140.2,148.7,147.4,149.3,155.4,162.7,180.0,175.4,160.8,154.5,162.1,159.2,160.7,171.7,178.6,180.6,183.8,183.6,170.3,154.9,154.0,158.1,156.594,157.164,167.868,176.806,186.784,188.536,185.347,178.739,179.114,177.403,187.115,185.912,187.600,187.696,197.140,205.575,220.371,236.197,240.181,228.434,222.090,199.635,163.276,146.392,149.177,152.249,150.795,152.388,158.712,174.643,171.581,174.095,171.681,169.291,173.673,172.282,177.149,174.415,178.668,180.729,181.759,179.631,180.179,180.410,178.249,178.934,179.713,184.714,188.974,191.918,204.269,213.088,218.778,213.867,212.800,212.007,211.045,202.919,200.544,195.662,199.501,204.017,212.988,214.782,210.344,205.081,201.207,209.942,214.930,209.934,199.890,195.336,196.233,207.098,208.164,204.335,206.975,210.478,210.158,209.039,207.707,199.219,194.625,195.825,200.195,202.662,209.621,211.192,214.039,217.626,215.799,210.021,206.784,196.484,185.654,175.541,160.605,164.372,171.384,170.260,179.666,185.140,184.379,178.639,168.504,162.513,158.004,152.684,149.629,142.314,149.119,155.316,161.650,168.015,164.085,161.823,163.900,163.193,160.095,161.879,167.354,166.153,166.466,170.263,170.331,171.290,169.326,172.414,181.249,174.083,175.846,173.582,176.753,179.167,178.295,183.315,189.764,191.870,190.139,190.001,189.215,188.745,180.917,173.115,169.029,170.727,177.770,186.258,188.983,185.508,186.559,182.005,180.713,181.255,179.822,178.730,178.849,175.056,168.099,155.162,155.356,163.974,167.370,167.032,168.186,166.153,164.399,167.531,173.015,179.143,188.594,191.321,196.400,200.916,204.162,205.598,206.708,212.423,215.395,213.066,216.958,222.471,245.914,246.378,260.414,279.344,268.299,,,,,
SUUR0000SA0L1E,All items less food and energy,100.3,100.7,101.2,101.3,101.2,101.2,101.4,101.6,101.9,102.2,102.2,101.9,102.2,102.7,103.2,103.2,103.1,103.4,103.5,103.8,103.9,104.2,104.3,104.1,104.3,104.8,105.2,105.3,105.3,105.1,105.3,105.6,105.9,106.1,106.0,105.8,106.0,106.2,106.5,106.5,106.5,106.4,106.5,106.7,106.8,107.1,106.9,106.6,107.0,107.5,108.1,108.3,108.3,108.2,108.3,108.4,108.8,109.2,109.2,109.0,109.3,109.8,110.2,110.4,110.3,110.2,110.2,110.4,110.7,111.1,111.1,111.0,111.2,111.8,112.4,112.7,112.7,112.9,113.0,113.3,113.6,113.8,113.6,113.4,113.755,114.276,114.623,114.831,114.776,114.785,114.887,115.163,115.467,115.813,115.802,115.627,116.008,116.426,116.920,117.031,117.093,117.242,117.532,117.826,118.063,118.204,117.986,117.623,117.954,118.348,118.807,119.040,119.023,119.115,119.169,119.400,119.694,119.960,119.677,119.451,119.478,119.705,119.908,119.956,119.945,119.948,119.958,120.158,120.328,120.427,120.329,120.171,120.407,120.783,121.103,121.473,121.628,121.770,121.929,122.325,122.641,122.885,122.898,122.811,123.108,123.397,123.847,124.139,124.289,124.410,124.439,124.600,124.909,125.100,125.011,124.781,125.067,125.509,125.855,125.937,126.024,126.099,126.137,126.395,126.668,126.818,126.883,126.668,126.860,127.249,127.640,127.933,128.188,128.232,128.240,128.246,128.489,128.760,128.571,128.166,128.436,128.804,129.406,129.779,130.029,130.146,130.162,130.191,130.436,130.717,130.699,130.385,130.763,131.331,131.731,132.066,132.358,132.495,132.380,132.542,132.738,133.032,132.972,132.818,133.343,133.818,133.834,133.953,134.054,134.130,133.921,134.152,134.438,134.760,134.618,134.524,135.054,135.581,136.045,136.264,136.460,136.572,136.594,136.588,136.814,137.100,137.029,136.837,137.391,137.891,138.214,138.433,138.550,138.849,138.978,139.227,139.301,139.450,139.422,139.150,139.699,140.333,140.354,139.837,139.498,139.808,140.743,141.371,141.500,141.532,141.569,141.491,141.914,142.331,142.757,143.865,144.820,145.917,146.497,146.602,146.843,147.732,148.295,148.825,149.900,150.975,151.632,152.405,153.231,154.315,154.824,,,,,
SUUR0000SAA,Apparel,98.5,100.8,102.9,102.9,101.8,98.6,96.4,97.4,100.9,102.5,101.1,98.1,97.0,99.5,102.2,101.2,99.3,96.6,94.2,94.8,98.3,99.7,98.1,95.0,93.4,95.2,98.3,98.7,96.9,93.3,91.0,91.9,95.1,96.3,94.9,92.2,90.2,91.5,93.6,94.3,92.7,90.2,88.4,89.2,93.0,94.6,93.0,90.1,88.7,91.4,94.1,94.7,93.9,90.6,87.9,88.5,91.9,93.7,92.5,89.6,88.6,90.8,93.4,93.3,92.1,88.7,86.3,88.0,90.9,92.4,91.6,89.0,87.1,89.0,92.8,93.4,91.9,89.4,86.3,88.1,91.5,92.7,91.7,89.0,87.597,89.909,92.039,91.994,90.390,86.946,84.578,86.066,89.528,91.033,90.360,87.875,86.917,89.017,91.071,91.397,89.939,86.929,85.420,87.290,90.668,91.927,90.992,87.730,86.866,89.603,92.161,92.636,91.316,89.176,87.351,89.185,92.585,93.509,92.185,89.988,88.379,90.066,92.101,91.830,91.094,88.938,86.855,88.231,90.993,92.057,91.133,89.133,88.382,89.658,91.977,92.397,91.980,90.348,89.011,91.068,94.387,95.776,94.934,92.354,91.896,92.799,95.474,96.208,95.615,93.483,91.870,93.438,97.092,98.318,96.465,93.200,92.369,94.065,95.935,96.409,95.549,94.155,92.347,93.515,96.754,97.665,96.969,94.197,92.971,94.339,96.586,97.082,96.634,95.150,93.103,93.564,96.906,98.053,95.898,91.945,91.119,93.532,96.792,96.414,96.717,95.026,93.542,94.842,96.788,97.733,95.684,92.188,91.404,93.812,95.034,95.167,95.170,93.328,91.223,92.426,95.296,97.117,94.919,91.265,91.608,93.941,95.785,95.535,94.129,92.866,91.116,92.458,95.833,96.480,93.511,90.467,91.533,94.979,96.923,97.170,96.510,94.209,91.651,91.474,96.002,97.057,93.993,90.693,92.202,94.943,94.808,94.499,93.882,93.055,91.350,92.793,95.297,94.705,92.594,89.439,90.816,93.733,93.199,88.662,85.569,85.365,85.043,86.739,88.636,88.387,86.457,85.004,87.607,89.158,89.525,89.470,89.674,89.003,88.459,89.765,91.570,92.289,90.819,89.839,92.030,94.890,95.664,94.279,94.135,93.836,92.740,,,,,
SUUR0000SAC,Commodities,100.1,100.8,102.0,101.9,101.7,101.9,101.6,101.2,102.2,102.3,102.2,101.5,101.5,101.7,101.7,102.4,102.9,102.4,101.1,100.7,101.8,101.3,100.5,99.3,99.3,99.5,100.3,101.3,101.0,100.4,100.2,100.2,100.7,100.9,100.7,100.0,100.3,101.5,102.2,101.6,100.8,100.4,100.2,100.7,101.4,101.0,100.6,100.2,100.7,101.6,102.4,102.9,103.8,103.5,102.7,102.5,103.0,104.3,104.3,103.3,103.1,103.8,104.8,106.0,105.7,105.0,105.3,106.4,109.0,108.9,106.7,105.7,106.4,106.6,107.4,109.2,110.0,109.6,109.6,109.8,108.5,107.1,106.6,106.7,106.596,107.158,109.018,110.305,111.436,110.811,110.184,109.740,110.374,110.815,112.032,111.498,111.986,112.302,113.969,115.299,116.993,118.273,118.637,117.556,117.604,115.447,110.304,107.102,107.731,108.721,109.131,109.896,110.750,112.397,111.661,112.117,112.366,112.696,113.016,112.588,113.310,113.110,113.958,114.258,114.227,113.216,112.944,113.274,113.487,114.023,113.987,114.336,115.382,116.271,118.854,120.400,121.174,120.123,119.899,120.297,120.700,120.151,119.716,118.699,119.628,120.684,122.488,123.009,122.323,121.087,120.395,121.776,122.741,122.457,120.839,119.658,119.918,121.850,122.371,121.888,121.844,121.771,121.518,121.626,121.701,120.927,120.134,119.816,120.193,120.827,121.983,122.784,122.977,122.791,122.446,121.914,121.991,121.149,119.325,117.213,114.990,116.143,117.892,118.023,119.316,119.422,119.120,118.560,117.573,117.104,116.032,114.698,114.444,113.823,114.913,115.908,116.334,116.418,115.420,115.160,115.592,115.971,115.042,114.668,115.733,115.895,116.202,116.700,116.371,115.865,115.377,115.773,117.087,116.536,116.292,115.635,116.510,117.063,117.351,118.133,118.514,118.384,118.118,117.966,118.055,118.355,117.278,115.761,115.852,116.585,117.693,118.585,118.702,118.136,118.201,117.861,117.583,117.780,117.262,116.612,117.046,117.210,116.604,115.565,115.686,116.623,117.439,118.311,118.550,118.496,117.736,117.869,118.929,119.792,121.145,122.815,124.355,126.023,126.903,127.394,127.946,129.664,130.556,131.050,132.501,134.346,137.128,137.510,139.345,141.616,141.164,,,,,
SUUR0000SAD,Durables,99.8,99.4,99.4,99.3,99.1,98.9,98.6,98.1,98.2,98.2,98.3,98.1,97.8,97.4,97.0,96.9,96.4,96.1,95.8,95.3,95.0,95.1,95.5,95.3,94.7,94.0,93.5,93.3,93.2,92.8,92.6,92.4,92.2,92.2,91.9,91.7,91.4,91.2,91.0,90.7,90.3,89.9,89.4,89.0,88.3,88.1,88.0,88.0,88.0,88.4,88.3,88.4,88.3,87.9,87.5,87.3,87.7,88.2,88.5,88.7,89.0,88.7,88.5,88.5,88.5,88.2,87.5,87.2,87.5,87.7,87.6,87.5,87.6,87.5,87.4,87.4,87.3,87.1,86.9,86.6,86.2,86.1,85.8,85.5,85.389,85.341,85.257,85.112,84.861,84.470,84.286,84.167,83.982,83.963,83.804,83.597,83.621,83.595,83.555,83.244,83.081,82.891,82.845,82.448,81.863,81.485,80.905,80.520,80.526,80.491,80.406,80.449,80.612,80.642,80.459,80.010,80.246,81.079,81.227,81.325,81.430,81.435,81.417,81.299,81.196,81.093,81.116,81.089,80.742,80.489,80.150,79.980,80.124,80.382,80.596,80.923,81.257,81.508,81.551,81.507,81.141,80.972,80.673,80.484,80.621,80.810,80.939,81.143,81.241,81.340,81.249,80.843,80.356,80.021,79.787,79.664,79.784,80.015,80.158,80.293,80.326,80.234,80.122,80.056,79.776,79.534,79.296,79.121,79.093,79.135,79.219,79.431,79.344,79.183,79.152,79.033,78.654,78.318,77.555,76.976,76.945,77.329,77.812,78.319,78.444,78.384,78.140,77.873,77.557,77.076,76.515,76.153,76.388,76.627,76.853,76.946,76.692,76.297,75.970,75.639,75.237,75.105,74.552,74.402,74.961,75.112,75.143,75.163,75.065,74.847,74.445,74.116,73.683,73.418,73.238,73.256,73.551,73.656,73.923,73.783,73.496,73.555,73.732,73.556,72.715,72.928,73.006,72.920,73.309,73.374,73.450,73.236,72.953,73.180,73.293,73.216,72.239,72.100,71.810,71.532,71.657,71.937,71.917,71.709,71.709,71.656,72.599,73.676,73.878,73.977,73.660,73.617,73.495,73.627,73.987,76.070,77.771,79.985,80.503,80.685,80.465,81.748,82.750,84.019,85.055,85.536,85.138,85.219,85.497,86.325,86.574,,,,,
SUUR0000SAE,Education and communication ,100.2,99.5,99.0,98.6,98.4,97.5,97.7,98.0,98.3,98.7,98.0,98.0,97.6,97.4,97.4,97.0,96.7,96.7,97.0,97.7,98.3,98.5,98.3,97.9,97.9,98.0,97.4,96.9,97.0,97.3,97.9,99.3,100.0,99.9,99.6,99.5,99.8,99.9,99.5,99.0,98.5,97.9,98.1,99.4,100.2,100.0,99.8,99.9,100.2,100.3,100.1,99.7,99.4,99.6,99.5,100.6,101.8,101.3,101.4,101.2,101.2,101.2,101.2,101.3,101.0,100.9,100.9,101.7,103.3,103.1,103.1,103.0,103.2,103.2,103.2,103.3,103.1,103.3,103.5,104.5,105.4,105.1,104.5,104.2,103.983,104.081,104.222,104.344,104.582,104.343,104.433,105.636,106.478,106.509,106.114,106.207,106.401,106.386,106.415,106.524,106.713,107.081,107.486,108.823,109.729,109.899,109.986,110.077,110.224,110.179,110.075,110.137,110.102,110.057,110.157,111.282,112.143,112.281,111.779,111.744,111.901,111.809,111.906,111.957,111.821,111.796,111.993,112.957,113.411,113.144,113.026,112.518,112.536,112.553,112.391,112.415,112.262,112.182,112.219,113.472,114.202,114.377,114.204,114.086,114.311,114.343,114.357,114.436,114.554,114.466,114.421,114.917,115.569,115.653,115.577,115.496,115.824,116.022,116.125,115.631,115.522,115.387,115.409,116.109,116.559,116.575,116.529,116.457,116.497,116.462,116.559,116.698,116.563,116.442,116.622,117.190,117.511,117.079,116.692,116.278,116.389,116.327,116.237,116.265,115.889,115.880,115.921,116.535,117.308,117.540,117.715,117.472,117.460,117.211,117.347,117.348,116.950,116.856,116.765,117.294,117.244,117.051,117.081,116.987,116.890,116.544,113.641,113.126,112.955,112.801,112.623,113.063,113.618,113.884,114.048,113.932,113.946,113.708,113.533,113.482,113.748,114.021,114.174,114.734,115.273,115.108,114.129,114.087,114.071,114.050,113.673,113.618,113.565,113.656,113.672,114.131,114.215,113.898,114.030,113.752,113.860,113.837,113.550,113.622,113.666,113.385,114.504,114.871,114.738,114.521,114.135,113.946,113.653,113.535,112.973,113.443,113.461,113.470,113.686,114.146,114.671,114.769,114.696,114.654,114.658,114.661,114.255,113.961,113.840,113.993,113.855,,,,,
SUUR0000SAE1,Education,100.6,100.9,101.0,101.1,101.3,101.7,102.0,103.2,104.9,105.3,105.4,105.6,105.8,105.9,106.0,106.1,106.4,106.9,107.3,109.5,111.6,112.1,112.2,112.1,112.6,113.2,113.2,113.3,113.4,114.1,114.5,117.1,119.4,119.6,119.7,119.7,120.2,120.6,120.7,120.8,121.0,121.5,122.1,125.9,128.1,128.4,128.4,128.7,129.5,129.7,129.9,130.0,130.1,130.8,131.4,134.6,137.2,137.7,137.8,137.9,138.1,138.4,138.6,138.8,139.1,139.7,140.4,143.0,146.1,146.3,146.4,146.5,147.2,147.2,147.2,147.5,147.7,148.3,149.0,152.1,154.8,155.2,155.4,155.5,155.475,155.823,155.946,156.072,156.240,156.493,157.026,160.401,162.788,163.319,163.553,163.716,164.003,164.034,163.965,164.149,164.272,164.701,165.357,169.568,172.234,172.794,172.821,172.978,173.116,173.012,173.102,173.175,173.475,173.693,174.586,178.363,180.649,181.005,180.759,180.752,180.888,181.145,181.534,181.962,181.939,182.352,183.116,186.159,187.582,187.294,187.347,187.549,188.115,188.304,188.350,188.481,188.772,188.852,190.011,194.351,196.759,197.458,197.353,197.361,197.587,197.541,197.627,197.629,197.896,197.984,199.337,202.230,204.285,204.588,204.618,204.638,205.346,205.265,205.384,205.422,205.581,205.620,206.670,209.401,210.732,211.027,211.238,211.302,211.203,211.545,211.877,212.002,212.294,212.631,213.394,215.868,217.336,218.145,218.363,218.348,219.064,219.096,219.632,219.970,220.204,220.673,221.417,223.754,226.009,226.267,226.365,226.231,226.122,226.209,226.251,226.447,226.688,227.082,227.691,229.912,231.457,232.192,232.192,232.446,231.961,232.153,232.108,232.035,232.103,232.887,233.401,235.342,237.298,237.831,238.112,238.005,237.761,237.868,237.585,237.724,238.210,238.805,239.510,242.555,244.387,244.263,244.416,244.378,244.277,244.764,245.009,245.075,245.702,245.995,246.326,248.516,249.843,250.336,250.356,250.234,250.362,250.704,250.704,250.903,251.191,251.622,252.062,253.215,253.794,253.906,253.899,253.992,254.127,254.378,253.310,253.601,254.327,254.885,255.721,256.891,258.405,258.855,258.900,258.716,258.862,259.141,259.149,259.382,260.034,261.143,261.503,,,,,
SUUR0000SAE2,Communication,99.8,98.3,97.5,96.8,96.4,94.9,95.0,94.6,93.2,93.7,92.7,92.5,91.8,91.4,91.2,90.7,90.1,90.0,90.2,89.7,88.9,88.9,88.6,88.1,87.8,87.5,86.6,86.0,86.1,86.2,86.8,87.3,86.5,86.3,85.8,85.7,85.8,85.7,85.2,84.4,83.8,82.8,82.8,82.3,81.9,81.5,81.3,81.2,81.2,81.2,80.9,80.4,79.9,79.9,79.6,79.2,79.3,78.4,78.5,78.2,78.1,78.0,77.9,77.9,77.5,77.2,76.9,76.6,77.0,76.6,76.6,76.5,76.5,76.5,76.5,76.4,76.2,76.2,76.2,76.1,75.8,75.2,74.5,74.1,73.815,73.803,73.925,74.025,74.241,73.908,73.854,73.897,73.820,73.668,73.199,73.258,73.393,73.365,73.411,73.483,73.650,73.937,74.205,73.972,73.783,73.795,73.877,73.930,74.080,74.072,73.946,73.993,73.890,73.789,73.659,73.443,73.485,73.534,73.094,73.056,73.213,73.030,73.047,73.010,72.872,72.747,72.765,72.764,72.709,72.493,72.377,71.831,71.632,71.593,71.425,71.423,71.231,71.142,70.904,70.745,70.661,70.672,70.532,70.413,70.609,70.668,70.664,70.737,70.799,70.696,70.304,69.784,69.761,69.767,69.692,69.601,69.749,70.001,70.075,69.615,69.487,69.354,69.145,69.034,69.095,69.050,68.983,68.911,68.992,68.868,68.904,69.004,68.850,68.683,68.705,68.575,68.397,67.767,67.400,67.011,66.919,66.845,66.669,66.629,66.226,66.128,66.025,66.028,66.189,66.360,66.496,66.299,66.326,66.052,66.159,66.134,65.775,65.637,65.438,65.391,64.827,64.470,64.495,64.365,64.407,63.995,61.565,61.161,61.012,60.757,60.499,60.406,60.416,60.561,60.657,60.567,60.641,60.398,60.294,60.236,60.387,60.528,60.548,60.372,60.443,60.313,59.532,59.504,59.509,59.399,59.077,59.028,58.909,58.943,58.913,58.854,58.544,58.200,58.298,58.073,58.158,58.082,57.873,57.906,57.913,57.669,58.484,58.618,58.343,58.139,57.859,57.711,57.421,57.287,56.987,57.293,57.235,57.182,57.250,57.456,57.649,57.659,57.586,57.580,57.561,57.520,57.173,56.886,56.682,56.641,56.469,,,,,
SUUR0000SAF,Food and beverages,100.4,100.6,100.7,100.8,101.1,101.1,101.5,101.7,102.0,102.0,101.9,102.4,102.9,103.2,103.4,103.6,103.9,104.1,104.3,104.5,104.6,105.1,105.0,105.0,105.6,105.7,105.8,105.9,105.7,105.6,105.7,105.6,105.9,105.9,106.1,106.3,106.5,106.9,107.0,106.9,107.2,107.6,107.6,107.9,108.1,108.6,108.8,109.5,109.6,109.7,109.9,110.0,110.8,110.9,111.0,111.0,111.0,111.6,111.6,111.7,112.1,112.0,112.2,112.7,113.0,112.7,112.9,112.9,113.3,113.7,113.7,114.0,114.8,114.8,114.8,114.7,115.0,115.2,115.4,115.5,116.0,116.4,116.2,116.3,117.419,118.110,118.365,118.602,119.173,119.474,119.680,120.130,120.702,121.233,121.300,121.475,122.624,122.987,123.105,124.123,124.654,125.210,126.252,126.876,127.631,128.192,128.105,128.111,128.663,128.374,128.001,127.681,127.531,127.428,127.130,127.064,127.005,127.175,126.818,126.966,127.614,127.593,127.734,127.802,127.853,127.662,127.512,127.820,128.294,128.429,128.272,128.465,129.579,130.134,130.982,131.420,131.823,131.967,132.461,133.133,133.706,133.929,133.650,133.810,134.646,134.554,134.699,134.954,135.009,135.135,135.039,135.294,135.420,135.702,135.664,135.887,136.475,136.513,136.573,136.785,136.647,136.673,136.751,136.985,137.043,137.192,136.943,137.047,137.586,137.943,138.419,138.846,139.371,139.223,139.581,139.964,140.400,140.673,140.731,141.039,141.363,141.414,141.175,141.279,141.324,141.317,141.396,141.821,142.491,142.765,142.334,142.060,142.500,142.615,142.190,142.404,142.112,141.804,141.846,141.989,142.135,142.242,141.817,141.763,142.321,142.667,142.859,143.199,143.335,143.015,143.301,143.441,143.817,143.979,143.711,143.883,144.462,144.470,144.526,144.963,144.847,144.893,145.163,145.251,145.487,145.495,145.537,145.854,146.555,146.976,147.237,147.227,147.407,147.328,147.391,147.471,147.772,148.092,147.972,148.078,148.829,149.284,149.773,152.709,153.974,154.785,154.107,154.197,154.026,154.407,153.831,154.343,154.855,155.115,155.411,156.119,156.677,157.732,158.772,159.328,160.724,162.145,162.810,163.597,165.158,166.878,168.500,170.101,171.892,173.485,175.351,,,,,
SUUR0000SAF1,Food,100.4,100.6,100.7,100.8,101.2,101.1,101.5,101.7,102.0,102.0,101.8,102.4,102.9,103.2,103.4,103.6,103.9,104.1,104.3,104.5,104.6,105.1,105.0,105.0,105.6,105.7,105.8,105.9,105.7,105.5,105.7,105.5,105.8,105.9,106.0,106.2,106.4,106.8,107.0,106.8,107.2,107.6,107.5,107.9,108.1,108.6,108.8,109.5,109.6,109.7,109.9,109.9,110.9,110.9,111.0,111.0,111.0,111.6,111.6,111.7,112.2,112.0,112.2,112.7,113.0,112.8,112.9,113.0,113.3,113.7,113.8,114.0,114.8,114.7,114.8,114.6,114.9,115.1,115.3,115.5,115.9,116.4,116.2,116.3,117.441,118.122,118.356,118.559,119.152,119.439,119.662,120.124,120.714,121.252,121.348,121.531,122.692,123.018,123.129,124.174,124.747,125.348,126.446,127.074,127.848,128.413,128.317,128.286,128.817,128.492,128.094,127.771,127.593,127.470,127.132,127.045,126.975,127.129,126.745,126.936,127.610,127.580,127.741,127.831,127.865,127.648,127.453,127.775,128.257,128.387,128.253,128.467,129.622,130.192,131.109,131.550,131.975,132.118,132.670,133.386,133.995,134.238,133.946,134.126,134.926,134.800,134.984,135.253,135.274,135.382,135.298,135.591,135.701,135.997,135.955,136.182,136.766,136.754,136.808,137.021,136.867,136.898,136.958,137.211,137.282,137.427,137.160,137.252,137.821,138.190,138.690,139.155,139.703,139.570,139.961,140.316,140.779,141.065,141.064,141.433,141.776,141.812,141.557,141.679,141.707,141.770,141.850,142.296,143.021,143.227,142.765,142.509,142.931,143.010,142.551,142.781,142.479,142.161,142.211,142.367,142.498,142.560,142.121,142.063,142.605,142.971,143.161,143.505,143.684,143.351,143.665,143.792,144.168,144.308,144.003,144.206,144.792,144.750,144.821,145.276,145.172,145.203,145.505,145.602,145.790,145.778,145.816,146.188,146.906,147.324,147.624,147.617,147.805,147.697,147.724,147.802,148.134,148.498,148.405,148.531,149.285,149.726,150.214,153.254,154.574,155.473,154.767,154.859,154.663,155.020,154.367,154.931,155.455,155.706,156.031,156.765,157.330,158.403,159.506,160.072,161.534,163.078,163.788,164.620,166.242,167.990,169.683,171.361,173.249,174.909,176.886,,,,,
SUUR0000SAF11,Food at home,100.6,100.6,100.7,100.8,101.3,101.0,101.4,101.7,101.9,101.9,101.6,102.4,103.1,103.4,103.5,103.6,103.9,104.1,104.2,104.2,104.3,104.9,104.6,104.6,105.4,105.3,105.4,105.6,105.0,104.5,104.6,104.3,104.6,104.5,104.6,104.8,105.2,105.6,105.7,105.4,105.8,106.3,106.2,106.6,106.9,107.5,107.7,108.6,108.6,108.6,108.7,108.6,110.0,109.9,109.7,109.4,109.2,110.2,110.1,110.0,110.5,110.0,110.1,111.0,111.2,110.6,110.7,110.5,110.8,111.3,111.2,111.5,112.5,112.1,112.1,111.5,111.7,111.8,112.0,112.1,112.7,113.2,112.7,112.7,114.075,114.930,115.240,115.327,116.106,116.277,116.293,116.716,117.340,118.007,117.998,118.145,119.751,119.984,119.905,121.423,122.007,122.541,123.904,124.668,125.473,126.021,125.606,125.333,125.970,125.183,124.403,123.674,123.295,122.988,122.329,122.097,121.901,122.045,121.293,121.543,122.569,122.505,122.757,122.778,122.757,122.387,122.127,122.261,122.691,122.837,122.532,122.780,124.439,125.207,126.419,126.831,127.380,127.360,128.078,128.931,129.702,129.939,129.259,129.388,130.407,130.063,130.179,130.365,130.168,130.135,129.802,130.008,130.031,130.435,130.261,130.524,131.336,131.226,131.145,131.191,130.778,130.690,130.651,130.888,130.919,131.027,130.425,130.459,131.300,131.690,132.225,132.741,133.479,133.078,133.399,133.759,134.227,134.480,134.140,134.493,134.937,134.730,134.161,134.098,133.921,133.834,133.979,134.469,134.957,135.085,134.135,133.627,134.010,134.020,133.025,133.156,132.452,131.768,131.634,131.638,131.647,131.596,130.794,130.537,131.008,131.380,131.550,131.879,131.945,131.351,131.689,131.476,131.750,131.909,131.234,131.337,131.936,131.628,131.636,132.150,131.628,131.488,131.868,131.824,131.906,131.772,131.512,131.729,132.504,132.816,133.097,132.749,132.840,132.358,132.195,132.064,132.330,132.715,132.407,132.323,133.114,133.593,134.154,137.685,139.023,139.832,138.602,138.491,137.820,138.122,137.099,137.562,137.995,138.305,138.587,139.374,139.739,140.671,141.569,141.821,143.341,144.866,145.328,145.993,147.737,149.854,152.063,153.960,156.010,157.615,159.818,,,,,
SUUR0000SAF116,Alcoholic beverages,100.3,100.5,100.8,101.0,101.0,101.3,101.7,101.8,102.0,102.2,102.4,102.4,102.6,102.8,103.1,103.3,103.5,103.9,104.1,104.2,104.4,104.8,104.8,104.8,105.3,105.6,105.7,106.0,106.2,106.4,106.5,106.6,106.6,107.1,107.1,107.2,107.6,107.6,107.9,107.9,108.1,108.1,108.2,108.2,108.5,108.8,109.0,109.1,109.5,109.7,110.1,110.7,110.7,111.0,111.0,111.2,111.7,111.9,112.1,111.9,112.0,112.6,112.8,113.0,112.8,112.7,112.8,112.6,113.1,113.5,113.5,113.5,114.5,115.4,115.8,115.8,116.2,116.5,116.5,116.3,116.6,116.8,116.5,116.4,117.488,118.291,118.798,119.469,119.749,120.236,120.209,120.498,120.838,121.278,121.005,121.101,122.101,123.056,123.296,123.974,123.975,123.966,124.275,124.840,125.331,125.826,125.852,126.277,127.112,127.333,127.288,127.002,127.209,127.358,127.664,127.943,128.033,128.450,128.499,128.044,128.310,128.450,128.296,128.101,128.379,128.560,129.071,129.138,129.487,129.696,129.199,129.119,129.625,129.969,129.870,130.272,130.321,130.481,130.305,130.447,130.534,130.476,130.368,130.310,131.623,132.103,131.670,131.744,132.234,132.569,132.326,132.019,132.333,132.444,132.458,132.630,133.276,134.094,134.241,134.453,134.559,134.508,134.832,134.778,134.639,134.848,134.859,135.110,135.222,135.398,135.550,135.451,135.655,135.295,135.218,136.026,136.081,136.191,136.968,136.528,136.562,136.844,136.838,136.667,136.919,136.176,136.241,136.374,136.389,137.433,137.339,136.864,137.596,138.295,138.333,138.331,138.196,138.042,137.964,137.910,138.288,139.059,138.855,138.852,139.638,139.697,139.919,140.203,139.780,139.636,139.558,139.887,140.248,140.682,140.892,140.693,141.185,141.826,141.717,141.932,141.632,141.891,141.766,141.743,142.687,142.958,143.054,142.658,143.111,143.587,143.301,143.241,143.296,143.627,144.161,144.266,144.172,143.928,143.464,143.313,144.039,144.683,145.198,146.520,146.889,146.473,146.143,146.208,146.411,147.169,147.593,147.437,147.797,148.195,148.037,148.369,148.839,149.650,149.834,150.259,150.709,150.571,150.679,150.902,151.660,153.018,153.710,154.295,154.817,155.525,155.963,,,,,
SUUR0000SAG,Other goods and services,100.7,101.3,101.7,102.7,102.3,102.1,103.0,102.8,103.9,103.3,104.3,103.8,104.3,104.7,104.9,105.9,105.7,106.2,107.6,106.8,108.1,107.6,108.4,107.6,108.1,109.1,108.5,110.0,109.5,110.5,110.3,110.8,111.3,110.8,110.8,110.9,111.2,111.6,111.5,111.7,111.6,111.7,112.0,112.2,112.2,112.2,112.1,112.2,112.7,113.0,113.3,113.5,113.6,113.7,114.1,114.2,114.5,114.7,114.7,114.9,115.5,115.9,116.1,116.3,116.5,116.6,117.0,117.1,117.3,117.5,117.9,118.3,118.6,118.9,119.2,119.2,119.3,119.5,119.3,119.8,120.4,120.7,120.8,121.7,122.626,123.140,123.312,123.593,123.852,123.784,123.822,123.938,124.515,124.874,125.077,125.479,125.910,126.310,126.903,127.331,127.715,128.009,128.384,128.564,128.930,129.242,128.518,128.660,128.992,129.329,132.614,135.614,135.405,135.580,136.306,136.308,136.864,137.265,137.719,137.908,137.975,138.129,138.477,138.543,138.867,139.257,139.906,140.081,140.020,139.806,140.114,140.477,140.607,140.793,141.079,145.364,145.056,145.395,145.529,145.625,146.254,146.502,146.998,146.952,147.202,147.210,147.763,147.979,147.991,148.377,148.787,149.035,149.001,149.089,149.215,149.211,149.532,149.734,150.171,150.583,150.456,150.613,150.895,151.102,151.236,151.278,151.415,151.765,152.165,152.486,152.807,152.791,152.781,153.074,153.227,153.391,153.508,153.977,153.661,153.826,154.320,153.457,153.818,153.890,154.057,154.738,154.819,154.863,155.129,155.727,155.893,155.729,155.980,156.198,156.903,157.179,157.664,157.970,158.361,158.551,158.984,159.061,159.282,159.574,159.867,159.974,160.080,160.853,160.609,161.065,161.191,160.894,161.209,161.871,161.930,161.682,162.341,162.576,163.054,164.689,164.647,164.702,164.846,164.771,164.914,165.315,165.784,165.464,165.852,166.522,166.298,166.421,166.942,166.788,167.584,167.949,167.995,168.682,169.174,168.631,169.854,170.618,171.170,170.981,170.702,171.433,172.005,171.664,171.824,171.996,172.325,172.337,173.163,173.871,174.967,175.268,174.871,175.078,176.407,177.127,177.307,178.772,179.106,179.933,181.309,183.235,184.181,184.970,185.794,186.661,187.361,,,,,
SUUR0000SAH,Housing,100.7,101.4,101.8,101.8,101.9,102.8,103.4,103.6,103.7,103.7,103.6,103.6,105.1,105.4,105.9,105.9,106.1,107.1,107.3,107.7,107.2,106.8,106.9,106.8,107.3,107.7,108.1,108.3,108.5,109.0,109.3,109.6,109.4,109.3,109.2,109.1,109.8,110.3,111.2,111.0,111.3,111.8,112.2,112.3,112.1,112.0,111.6,111.6,112.5,112.8,113.4,113.6,113.9,114.6,115.0,115.2,115.2,115.1,115.0,115.1,115.6,116.0,116.5,116.8,117.0,117.6,118.1,118.1,118.1,118.5,118.6,118.6,119.6,119.7,120.1,120.2,120.5,121.5,122.0,122.3,122.2,121.8,121.8,122.1,122.767,123.339,123.817,124.077,124.215,125.074,125.416,125.399,125.255,125.180,125.183,125.272,125.966,126.434,127.280,127.644,128.164,129.269,130.131,129.985,129.584,129.189,128.667,128.495,128.891,128.916,128.896,128.643,128.543,129.147,129.154,129.001,128.629,128.337,127.966,127.826,128.134,128.058,128.122,127.966,128.042,128.522,128.726,128.629,128.428,128.132,127.974,128.180,128.540,128.867,129.103,129.198,129.520,130.162,130.638,130.721,130.773,130.567,130.485,130.597,130.944,131.026,131.235,131.392,131.569,132.227,132.324,132.424,132.540,132.444,132.480,132.617,133.036,133.383,133.520,133.724,134.250,134.900,135.108,135.185,135.288,135.048,135.104,135.374,136.203,136.634,137.284,137.122,137.738,138.413,138.772,138.810,138.849,138.746,138.630,138.762,139.200,139.405,139.604,139.779,140.011,140.761,141.123,141.177,141.377,141.214,141.124,141.157,141.661,141.936,142.220,142.419,142.966,143.827,144.134,144.333,144.663,144.757,144.719,145.039,145.784,146.182,146.338,146.581,147.076,147.763,147.796,148.229,148.451,148.571,148.591,148.926,149.519,149.995,150.363,150.674,151.153,151.579,151.887,152.119,152.181,152.329,152.426,152.799,153.374,153.785,154.284,154.579,154.990,155.699,156.055,156.085,156.415,156.324,156.371,156.562,157.285,157.666,157.630,157.715,158.086,158.643,158.945,159.188,159.344,159.373,159.520,159.735,160.105,160.504,160.937,161.602,162.450,163.450,164.294,164.603,165.411,166.295,166.865,167.541,168.901,169.828,170.986,171.947,173.358,175.065,175.929,,,,,
SUUR0000SAH1,Shelter,100.8,101.3,102.0,102.0,102.1,102.6,103.1,103.4,103.3,103.6,103.5,103.4,104.2,104.9,105.7,105.8,105.9,106.6,107.0,107.5,107.1,107.3,107.4,107.6,108.2,109.1,109.6,109.8,109.8,110.0,110.4,110.8,110.6,110.8,110.8,110.7,111.4,111.7,112.1,112.1,112.4,112.5,113.0,113.2,112.9,113.3,113.0,113.0,113.6,114.0,115.0,115.3,115.4,115.6,116.1,116.3,116.3,116.6,116.3,116.4,116.9,117.6,118.3,118.3,118.2,118.5,119.0,119.0,118.5,119.1,119.1,119.3,119.9,120.6,121.4,121.8,122.0,122.6,123.3,123.6,123.4,123.8,123.9,124.1,124.797,125.474,125.928,126.302,126.309,126.867,127.367,127.506,127.375,127.662,127.644,127.742,128.426,128.860,129.506,129.562,129.597,130.107,130.610,130.535,130.458,130.596,130.479,130.352,130.930,131.218,131.571,131.728,131.725,131.990,132.025,131.971,131.569,131.575,131.003,130.869,130.891,130.901,130.904,130.888,130.916,131.135,131.258,131.188,131.158,131.228,131.290,131.421,131.658,131.858,132.057,132.136,132.305,132.671,133.108,133.238,133.292,133.549,133.694,133.931,134.270,134.504,134.829,135.074,135.285,135.572,135.794,135.942,136.144,136.452,136.566,136.748,137.116,137.453,137.758,137.935,138.266,138.580,138.874,139.100,139.239,139.431,139.743,140.069,140.489,140.802,141.310,141.567,142.002,142.272,142.725,142.946,143.164,143.500,143.729,143.923,144.463,144.861,145.364,145.720,146.028,146.466,147.094,147.272,147.637,147.971,148.196,148.400,148.931,149.369,149.796,150.171,150.722,151.388,151.691,151.987,152.385,152.865,153.110,153.501,154.007,154.408,154.744,155.035,155.472,155.976,156.083,156.768,157.146,157.683,157.851,158.264,158.734,159.063,159.665,160.113,160.731,161.007,161.478,161.816,162.096,162.375,162.652,163.021,163.577,164.177,164.845,165.459,165.952,166.500,166.903,167.105,167.586,167.534,167.743,168.046,168.709,169.300,169.491,169.608,169.950,170.154,170.554,170.781,170.852,171.106,171.238,171.421,171.689,172.038,172.502,173.057,173.695,174.679,175.726,175.864,176.503,177.126,177.815,178.455,179.164,180.204,181.231,182.142,183.271,184.503,185.528,,,,,
SUUR0000SAH2,Fuels and utilities,100.3,102.4,101.8,101.8,102.7,107.7,109.1,108.9,110.5,109.0,108.2,110.1,116.7,115.7,114.5,113.6,115.1,119.4,119.2,117.9,116.6,111.9,110.7,109.9,109.4,107.9,108.0,108.3,109.2,113.3,113.6,113.6,113.7,111.1,110.4,110.9,112.7,114.8,120.2,118.8,119.4,124.2,124.5,124.5,124.9,120.8,119.1,119.7,122.1,122.5,120.9,121.2,123.1,129.4,130.2,131.0,130.5,126.9,128.3,128.4,129.3,128.8,128.9,131.2,133.1,138.2,139.7,140.8,144.1,144.0,144.8,143.2,148.1,144.4,142.2,141.1,141.9,146.7,147.3,147.7,148.0,141.2,141.3,142.8,143.887,144.163,145.427,145.406,147.070,152.925,153.001,152.056,152.000,149.098,149.724,150.342,151.620,152.591,155.319,158.477,163.085,171.402,176.331,175.182,170.963,165.890,161.942,161.108,160.639,158.717,155.873,152.681,151.822,156.198,156.415,156.031,155.421,152.973,154.058,153.898,156.292,155.816,156.639,155.817,156.410,160.235,161.481,161.426,160.235,156.801,155.320,156.644,157.908,159.158,159.735,160.029,161.934,166.046,167.468,167.340,167.390,163.107,161.510,161.110,161.427,160.322,159.821,159.306,159.817,164.309,163.874,164.390,164.158,160.872,160.446,160.954,162.071,162.685,162.083,163.061,165.800,170.281,170.702,169.967,170.252,166.383,165.038,165.697,170.039,171.967,174.490,171.069,174.174,179.133,179.593,178.685,177.575,173.056,170.994,172.105,171.909,171.193,169.296,167.553,167.772,172.448,171.884,171.671,170.661,166.359,164.813,163.844,164.424,163.980,163.776,163.416,165.436,169.810,171.026,171.443,171.865,168.396,167.100,167.737,170.090,170.957,170.058,170.838,173.032,177.060,177.243,177.050,176.795,173.493,172.955,173.805,174.864,176.598,175.625,174.947,176.324,179.135,178.785,179.295,177.643,176.126,175.388,177.273,177.450,176.726,176.733,176.039,176.568,179.145,179.622,179.143,178.477,177.267,176.704,177.058,178.446,177.596,175.946,174.852,175.246,178.418,178.724,178.490,179.466,178.403,178.942,180.033,181.245,182.987,183.368,184.711,186.247,189.731,190.972,192.294,193.559,196.212,196.074,196.365,202.074,202.195,205.079,207.175,212.789,220.549,220.780,,,,,
SUUR0000SAH3,Household furnishings and operations,100.4,100.5,100.9,100.8,100.5,100.7,101.1,100.6,100.9,100.5,100.3,99.7,100.0,99.8,99.7,99.8,99.5,99.7,99.6,99.6,99.7,99.5,99.6,99.3,99.1,99.0,99.1,99.3,99.3,99.1,99.0,98.6,98.5,98.3,97.9,97.5,97.6,97.7,97.2,97.3,97.0,96.9,96.8,96.4,96.1,96.1,96.0,95.9,96.4,96.5,96.4,96.5,96.4,96.4,96.0,95.7,96.0,96.7,96.5,96.3,96.7,96.6,96.5,96.7,96.8,96.5,96.4,96.2,96.0,96.2,96.5,96.3,96.3,96.4,96.4,96.5,96.7,96.7,96.6,96.6,96.6,96.7,96.5,96.1,96.249,96.497,96.495,96.362,96.214,95.728,95.423,95.202,94.935,94.893,94.633,94.348,94.641,94.890,95.314,95.287,95.635,95.466,95.625,95.755,96.157,96.096,95.855,95.958,96.110,96.423,96.753,96.607,96.546,96.364,96.082,95.543,95.521,95.227,94.822,94.667,94.666,94.463,94.220,93.824,93.805,93.413,93.299,93.023,92.622,92.613,92.265,92.022,92.277,92.499,92.662,92.705,92.770,92.621,92.671,92.660,92.705,92.901,92.698,92.571,92.973,93.176,93.281,93.433,93.270,93.399,93.241,92.848,92.750,92.757,92.725,92.433,92.594,92.781,92.587,92.413,92.550,92.540,92.207,92.082,91.897,91.893,91.610,91.355,91.481,91.295,91.275,91.219,91.211,91.368,91.202,90.905,90.748,91.208,90.667,89.964,90.352,90.275,90.400,90.792,90.735,90.793,90.472,90.116,90.255,90.204,89.577,89.428,89.742,89.704,89.611,89.326,89.113,89.022,88.830,88.456,88.419,88.663,88.055,87.899,88.748,88.847,88.739,88.525,88.494,88.396,88.087,87.766,87.566,87.614,87.329,87.116,87.884,88.204,88.322,88.549,88.135,88.068,88.013,87.725,87.757,88.202,88.005,87.650,88.477,88.736,88.749,88.299,88.351,88.770,88.853,88.506,88.706,89.022,88.745,88.448,88.988,89.156,89.046,89.608,90.028,90.611,90.521,91.012,91.081,90.778,90.793,90.696,90.995,90.839,91.133,91.792,92.919,92.946,92.913,93.384,94.535,95.480,95.878,96.803,98.484,99.270,100.014,100.548,100.962,101.563,102.017,,,,,
SUUR0000SAM,Medical care,100.5,101.1,101.5,101.7,102.0,102.4,102.8,103.1,103.3,103.5,103.6,104.0,104.9,105.6,106.0,106.3,106.6,106.9,107.1,107.7,107.9,108.3,108.6,108.9,109.7,110.2,110.6,111.1,111.4,111.6,112.3,112.6,112.9,113.5,114.0,114.3,114.7,115.1,115.3,115.5,115.8,116.0,116.5,116.8,117.2,117.4,117.8,118.3,119.0,119.9,120.4,120.6,120.9,121.3,121.7,121.9,122.2,122.6,122.8,123.2,124.0,124.9,125.3,125.7,125.9,126.3,126.6,126.7,127.1,127.6,128.2,128.4,128.9,129.8,130.4,130.8,131.1,131.3,131.7,132.0,132.3,132.5,132.7,133.0,134.167,135.117,135.397,135.855,136.162,136.418,137.091,137.559,137.848,138.455,138.914,139.266,140.248,140.964,141.081,141.201,141.283,141.373,141.548,141.727,141.832,142.236,142.509,142.786,143.760,144.683,144.899,145.223,145.511,145.546,145.765,145.976,146.415,146.800,147.026,147.227,148.365,149.390,149.784,150.004,149.973,149.993,149.966,150.342,150.978,151.172,151.279,151.479,152.264,153.295,153.553,153.916,154.108,154.239,154.505,154.833,155.167,155.824,156.322,156.849,157.690,158.598,159.067,159.495,160.072,160.673,161.267,161.288,161.618,161.855,161.942,162.074,162.805,163.836,164.205,164.027,163.694,164.257,164.473,165.308,165.783,165.789,165.616,165.341,166.347,167.597,167.763,168.027,168.332,168.445,168.638,168.514,168.830,169.010,169.508,169.993,170.609,171.039,171.719,172.838,172.991,172.506,172.628,172.579,172.909,174.109,174.612,174.500,175.772,177.273,177.437,177.869,178.388,178.740,179.489,181.028,181.294,181.302,181.350,181.416,182.282,183.309,183.328,182.900,182.860,183.042,183.624,183.999,183.942,184.159,184.147,184.317,185.361,186.032,186.483,186.525,186.736,187.148,186.798,186.317,186.506,186.730,187.271,187.441,188.415,188.896,189.210,189.513,190.157,190.430,191.158,192.296,192.449,193.749,194.233,194.678,195.414,196.045,196.531,196.899,197.531,198.025,198.661,198.805,198.674,198.093,197.832,197.529,198.949,199.923,200.211,200.139,199.982,199.718,200.284,200.660,200.573,201.585,202.042,202.431,204.307,205.020,206.063,206.713,207.442,208.623,209.664,,,,,
SUUR0000SAM1,Medical care commodities,100.2,100.3,100.7,101.0,101.2,101.5,101.7,101.8,101.9,102.1,102.2,102.6,103.3,103.9,104.3,104.7,105.1,105.7,105.9,106.2,106.5,106.8,107.0,107.4,107.8,108.2,108.5,108.7,109.0,109.5,109.8,109.8,110.0,110.2,110.5,110.7,110.9,111.1,111.5,111.4,111.5,111.6,112.3,112.4,112.7,112.6,112.2,112.7,113.0,113.5,113.8,114.1,114.4,114.5,114.6,114.6,115.0,115.3,115.0,114.9,115.3,115.7,115.8,116.0,116.5,116.9,117.2,117.4,117.7,118.2,118.9,119.0,119.5,120.1,120.6,121.1,121.5,121.5,121.8,122.0,122.3,122.1,121.4,121.2,121.912,121.704,121.533,121.932,122.227,122.261,122.873,123.196,123.399,123.757,124.185,124.391,124.958,125.583,125.688,125.497,124.806,124.919,124.796,124.912,125.056,125.385,125.813,126.200,126.883,127.866,127.969,128.395,128.567,128.585,128.407,129.114,129.829,130.024,130.048,130.060,131.050,131.881,132.360,132.569,132.707,132.635,132.395,132.612,132.882,132.923,133.160,133.390,134.146,134.959,135.511,136.069,136.043,135.963,136.041,136.189,136.414,136.726,136.999,137.439,138.282,139.191,139.761,139.602,139.655,139.842,140.582,140.737,140.669,140.638,139.989,139.411,139.819,139.959,140.243,140.253,139.433,139.625,139.918,140.403,140.655,141.023,140.820,139.428,140.612,141.936,141.526,141.963,142.366,143.102,143.625,143.671,144.376,144.376,144.877,145.763,146.019,147.602,147.689,147.791,147.890,147.754,148.046,148.668,148.382,148.397,148.533,147.925,148.824,150.413,150.711,151.079,150.000,151.172,152.235,154.496,155.344,155.343,154.457,154.506,155.474,156.116,156.236,154.993,155.121,156.080,157.530,157.943,156.736,156.446,156.906,157.581,157.739,158.343,158.301,157.846,159.102,159.654,158.391,158.319,157.660,157.355,157.741,156.632,157.088,156.379,156.889,157.615,157.675,157.235,157.613,158.628,157.330,158.173,158.015,158.762,158.126,157.857,157.890,157.558,157.763,157.716,157.749,158.072,157.080,156.077,155.221,154.800,154.883,154.140,154.175,154.811,154.980,154.438,154.729,154.429,154.997,155.886,156.073,156.117,157.418,157.972,158.335,158.436,158.835,159.439,160.371,,,,,
SUUR0000SAM2,Medical care services ,100.6,101.3,101.7,102.0,102.2,102.7,103.1,103.5,103.7,103.9,104.1,104.4,105.5,106.1,106.5,106.8,107.0,107.3,107.5,108.1,108.3,108.7,109.1,109.3,110.3,110.9,111.3,111.8,112.1,112.3,113.2,113.5,113.8,114.6,115.1,115.5,115.9,116.5,116.6,116.8,117.2,117.5,118.0,118.3,118.7,119.1,119.6,120.2,121.0,122.0,122.6,122.8,123.2,123.7,124.1,124.3,124.6,125.0,125.5,126.0,126.9,128.0,128.6,129.0,129.2,129.5,129.9,129.9,130.3,130.8,131.4,131.6,132.2,133.2,133.8,134.2,134.5,134.7,135.1,135.5,135.7,136.2,136.7,137.2,138.570,139.963,140.420,140.899,141.211,141.553,142.247,142.770,143.093,143.795,144.264,144.675,145.823,146.574,146.694,146.940,147.325,147.406,147.695,147.900,147.991,148.423,148.632,148.866,149.952,150.849,151.108,151.393,151.724,151.766,152.127,152.160,152.486,152.947,153.250,153.523,154.716,155.815,156.174,156.398,156.305,156.359,156.415,156.852,157.621,157.873,157.928,158.117,158.911,160.024,160.175,160.465,160.741,160.954,161.291,161.683,162.057,162.838,163.417,163.977,164.818,165.726,166.160,166.795,167.563,168.311,168.858,168.831,169.307,169.642,169.996,170.395,171.249,172.612,173.012,172.763,172.616,173.310,173.502,174.462,175.019,174.905,174.741,174.862,175.801,177.026,177.383,177.591,177.864,177.776,177.864,177.683,177.877,178.116,178.616,178.971,179.709,179.793,180.654,182.094,182.266,181.666,181.737,181.491,182.003,183.585,184.206,184.243,185.643,187.130,187.256,187.711,188.724,188.842,189.511,190.870,190.979,190.989,191.338,191.410,192.249,193.405,193.393,193.209,193.121,193.094,193.442,193.810,194.081,194.454,194.305,194.340,195.670,196.370,196.971,197.158,197.064,197.440,197.346,196.741,197.173,197.547,198.140,198.677,199.810,200.645,200.906,201.088,201.919,202.404,203.241,204.427,205.033,206.483,207.155,207.516,208.707,209.641,210.279,210.883,211.658,212.323,213.148,213.237,213.369,212.915,212.842,212.575,214.466,216.050,216.423,216.131,215.874,215.690,216.346,216.926,216.643,217.703,218.249,218.751,220.825,221.594,222.862,223.693,224.532,225.907,226.991,,,,,
SUUR0000SAN,Nondurables,100.2,101.4,103.1,103.0,102.9,103.2,103.0,102.5,104.0,104.1,103.9,103.0,103.1,103.6,103.7,104.7,105.7,105.0,103.3,103.0,104.7,103.9,102.6,100.9,101.2,101.7,103.1,104.8,104.3,103.6,103.4,103.6,104.3,104.7,104.5,103.6,104.1,106.0,107.2,106.4,105.4,105.1,105.0,106.1,107.5,107.1,106.4,105.8,106.6,107.7,109.0,109.6,111.1,110.9,109.8,109.6,110.1,112.0,111.7,110.2,109.8,111.0,112.6,114.5,113.9,113.0,114.0,115.8,119.8,119.4,116.3,114.8,115.9,116.1,117.5,120.2,121.5,121.0,121.2,121.6,119.7,117.8,117.2,117.4,117.374,118.225,121.066,123.137,125.042,124.293,123.424,122.800,123.868,124.535,126.429,125.732,126.441,126.912,129.353,131.463,134.128,136.166,136.745,135.301,135.724,132.636,125.462,120.876,121.816,123.282,123.915,125.029,126.248,128.755,127.723,128.684,128.939,129.037,129.443,128.755,129.747,129.461,130.727,131.254,131.263,129.809,129.380,129.892,130.375,131.323,131.455,132.078,133.537,134.726,138.522,140.723,141.726,139.972,139.600,140.221,141.010,140.274,139.772,138.305,139.637,141.102,143.779,144.486,143.313,141.304,140.264,142.661,144.431,144.196,141.758,139.983,140.315,143.123,143.850,142.995,142.903,142.845,142.513,142.725,143.027,141.927,140.809,140.410,141.022,141.969,143.674,144.790,145.166,144.974,144.442,143.654,144.032,142.921,140.540,137.560,133.980,135.578,138.030,137.889,139.931,140.149,139.827,139.098,137.681,137.254,135.895,133.948,133.378,132.276,133.855,135.392,136.264,136.663,135.254,135.076,136.126,136.821,135.695,135.191,136.537,136.699,137.173,137.977,137.504,136.834,136.317,137.259,139.895,139.171,138.897,137.765,138.996,139.819,140.101,141.518,142.396,142.116,141.515,141.400,142.279,142.617,140.741,138.290,138.185,139.326,141.110,142.826,143.292,142.065,142.075,141.550,141.839,142.282,141.630,140.738,141.370,141.441,140.437,138.785,139.012,140.933,141.346,141.726,141.954,141.755,140.695,140.975,142.947,144.352,146.480,147.371,148.454,149.273,150.354,151.083,152.327,154.212,154.930,154.772,156.392,159.195,164.444,165.044,168.033,171.294,170.264,,,,,
SUUR0000SAR,Recreation,100.2,100.3,100.6,100.6,100.6,100.8,101.1,101.3,101.3,101.4,101.3,101.2,101.4,101.6,101.6,102.1,102.0,101.8,102.0,102.2,102.1,102.2,102.2,102.1,102.4,102.7,103.0,103.0,103.0,102.6,102.7,102.7,102.5,102.8,102.7,102.7,102.9,103.2,103.3,103.4,103.5,103.5,103.5,103.6,103.5,103.4,103.5,103.3,103.5,104.4,104.5,104.8,104.7,104.7,104.7,104.7,104.8,104.8,104.8,104.3,104.4,104.5,104.6,104.8,104.9,103.9,103.9,104.7,104.9,105.1,104.9,104.8,105.0,105.3,105.8,106.2,106.3,106.2,106.2,106.0,105.8,105.7,105.5,104.8,104.855,104.985,105.049,105.335,105.414,105.279,104.884,104.536,104.814,104.990,104.843,104.464,104.681,104.847,105.193,105.363,105.372,105.506,105.835,106.363,106.465,106.503,106.134,105.539,105.612,105.960,106.093,105.738,105.695,105.939,105.877,105.994,105.545,104.841,104.156,103.552,103.409,103.430,103.594,103.988,103.611,103.606,103.404,103.266,102.971,102.840,102.393,101.858,102.171,102.577,102.627,102.698,102.992,102.826,102.685,102.693,102.522,102.233,102.106,102.346,102.748,102.888,103.236,103.153,103.137,103.304,103.245,103.382,103.336,103.203,103.028,102.632,102.932,103.445,103.426,103.352,103.397,103.200,103.110,103.282,103.224,103.249,103.159,102.537,102.998,103.384,103.160,103.215,103.035,103.091,103.102,102.637,102.543,102.712,102.095,101.785,102.369,102.050,102.197,102.299,102.475,102.933,102.898,102.659,102.458,102.481,102.092,101.676,102.129,102.677,103.118,103.457,103.514,103.442,103.284,103.128,102.950,102.806,102.704,102.299,102.882,103.665,103.674,103.660,103.511,103.457,103.700,103.676,103.728,103.536,102.969,102.647,102.951,103.164,103.288,103.077,102.938,103.092,103.217,102.938,103.091,102.874,102.840,103.074,103.612,103.830,104.145,104.166,103.644,103.664,103.625,103.760,103.443,103.754,103.983,103.725,104.176,104.490,104.652,104.505,104.768,104.694,103.477,104.060,105.242,105.353,105.396,105.375,106.026,106.599,106.645,107.453,107.710,107.742,108.220,108.590,108.671,109.379,109.034,108.819,109.872,110.884,111.100,111.447,111.838,112.094,112.436,,,,,
SUUR0000SAS,Services,100.6,100.9,101.4,101.5,101.7,102.4,102.9,103.2,103.3,103.4,103.4,103.6,104.8,105.2,105.6,105.7,105.9,106.8,107.1,107.5,107.3,107.2,107.3,107.4,107.9,108.4,108.8,108.9,109.1,109.6,110.0,110.5,110.6,110.7,110.7,110.7,111.3,111.8,112.5,112.5,112.8,113.3,113.7,114.0,114.0,114.1,113.8,113.9,114.6,115.0,115.5,115.7,115.9,116.6,117.0,117.3,117.4,117.4,117.4,117.5,117.9,118.5,118.9,119.2,119.4,119.9,120.4,120.6,120.8,121.3,121.4,121.5,122.3,122.6,123.0,123.2,123.5,124.3,124.9,125.2,125.3,125.2,125.2,125.3,125.972,126.510,126.922,127.254,127.465,128.272,128.670,128.865,128.988,129.080,129.138,129.271,129.914,130.350,130.988,131.371,131.909,132.927,133.729,133.977,133.861,133.707,133.415,133.381,133.853,134.012,134.064,133.906,133.886,134.489,134.711,134.937,134.898,134.798,134.537,134.455,134.691,134.804,134.999,135.082,135.209,135.697,135.928,136.070,136.040,135.858,135.798,135.915,136.241,136.613,136.822,137.211,137.523,138.073,138.477,138.828,139.026,138.973,138.997,139.196,139.536,139.680,140.000,140.267,140.572,141.168,141.294,141.496,141.754,141.805,141.922,142.144,142.599,143.030,143.260,143.393,143.797,144.338,144.563,144.799,145.021,144.945,145.070,145.184,145.803,146.257,146.870,146.975,147.622,148.156,148.342,148.275,148.365,148.428,148.487,148.615,149.117,149.221,149.483,149.839,150.141,150.806,151.008,151.004,151.255,151.443,151.712,151.749,152.290,152.743,153.128,153.544,154.221,154.922,155.068,155.291,155.501,155.583,155.836,156.092,156.706,157.238,157.097,157.315,157.807,158.350,158.331,158.684,158.990,159.264,159.350,159.597,160.119,160.698,161.074,161.369,161.943,162.444,162.603,162.728,162.965,163.106,163.210,163.576,164.047,164.494,164.910,165.307,165.690,166.308,166.562,166.807,167.118,167.321,167.577,167.681,168.345,168.905,168.893,168.309,167.989,168.729,169.702,169.900,169.965,169.946,170.352,170.546,170.958,171.564,172.069,172.760,173.494,174.427,175.117,175.095,175.423,176.248,176.808,177.179,178.353,179.372,180.514,181.816,183.188,184.913,185.631,,,,,
SUUR0000SAT,Transportation,99.9,100.8,103.0,102.8,102.9,104.2,103.9,102.8,103.8,103.7,104.2,103.6,103.6,103.8,103.2,104.7,106.6,106.1,103.6,102.8,104.3,102.4,101.1,99.7,99.9,99.7,101.2,103.3,103.3,103.0,103.2,103.3,103.3,103.9,104.0,103.3,104.2,106.4,107.6,106.5,105.2,104.9,104.8,105.7,106.4,104.9,104.0,103.4,105.0,106.3,107.5,108.4,110.5,110.8,109.7,108.9,109.0,111.2,111.7,110.2,109.7,111.0,112.9,115.8,115.0,114.8,116.3,118.2,123.5,122.3,116.7,114.5,116.7,116.6,117.8,122.5,124.9,124.7,125.8,125.4,120.6,116.6,115.9,117.0,116.306,116.476,120.443,123.684,126.698,126.269,125.575,123.636,123.736,124.119,128.019,127.515,128.044,127.936,131.358,134.094,139.084,143.462,144.132,140.264,138.501,131.449,116.811,109.300,110.961,113.135,113.259,114.967,117.984,123.533,122.871,123.879,123.693,124.602,126.673,126.503,128.210,127.456,129.308,130.557,131.135,129.514,129.691,129.956,129.180,130.420,131.170,133.060,135.091,136.588,142.380,146.166,148.307,145.910,145.364,145.320,144.792,142.656,142.088,140.038,141.752,144.501,148.952,150.290,148.882,146.065,144.717,147.703,149.270,148.274,144.698,142.920,143.239,148.114,149.132,147.692,148.155,148.453,148.324,147.862,147.098,145.144,143.813,143.878,144.210,145.006,147.664,149.996,150.884,150.992,149.896,147.649,146.420,143.956,140.021,135.186,129.128,131.442,135.461,136.135,139.908,140.931,140.250,137.884,134.390,133.062,132.077,130.283,129.298,126.838,130.043,133.047,135.190,136.312,133.865,132.331,132.477,133.091,132.448,133.026,135.265,135.145,135.817,137.389,137.320,136.672,135.176,135.515,137.830,136.415,137.236,136.453,137.852,139.076,139.429,141.169,143.121,143.497,142.992,142.407,141.423,142.111,140.232,136.726,135.234,136.463,139.382,142.347,142.906,141.865,141.981,140.589,139.191,139.854,139.430,138.643,138.524,138.306,136.106,129.344,126.900,129.496,133.626,135.057,134.857,134.635,134.673,135.490,137.030,139.222,143.099,147.236,151.285,155.871,157.049,156.237,155.107,158.117,161.031,161.515,162.781,165.780,172.481,174.234,178.535,184.491,181.603,,,,,
SUUR0000SAT1,Private transportation,99.9,100.7,103.0,102.7,102.7,104.1,103.7,102.5,103.7,103.8,104.2,103.6,103.5,103.7,103.1,104.7,106.7,106.0,103.3,102.6,104.2,102.3,101.0,99.5,99.7,99.5,101.0,103.2,103.1,102.8,103.1,103.2,103.4,104.1,104.2,103.4,104.4,106.7,108.0,106.7,105.1,104.8,104.6,105.7,106.5,105.0,104.1,103.5,105.3,106.5,107.8,108.8,111.1,111.3,110.0,109.4,109.7,112.0,112.5,111.0,110.5,111.8,113.6,116.5,115.7,115.2,116.7,118.9,124.7,123.4,117.4,115.2,117.5,117.3,118.5,123.4,125.8,125.5,126.5,126.3,121.3,117.1,116.6,117.8,117.006,117.108,121.323,124.761,127.955,127.272,126.429,124.405,124.591,124.937,129.097,128.558,129.096,128.874,132.337,135.193,140.246,144.525,145.067,140.956,139.346,132.116,116.663,108.760,110.653,113.105,113.250,115.153,118.401,124.234,123.266,124.362,124.142,125.062,127.187,127.002,129.020,128.155,130.039,131.206,131.658,129.777,130.037,130.467,129.713,131.045,131.724,133.674,135.716,137.146,143.200,147.246,149.579,146.948,146.350,146.306,145.826,143.586,142.987,140.870,142.823,145.709,150.351,151.606,150.018,147.019,145.759,149.188,150.888,149.765,145.899,143.960,144.284,149.492,150.424,148.822,149.160,149.478,149.647,149.482,148.679,146.446,144.838,145.274,145.906,146.674,149.424,151.613,152.092,152.164,151.715,149.906,148.655,145.792,141.369,136.479,129.975,132.428,136.799,137.339,140.945,141.887,141.895,139.895,136.119,134.424,133.189,131.544,130.490,127.703,131.179,134.176,136.126,137.364,135.533,134.365,134.581,135.172,134.345,135.218,137.614,137.233,137.874,139.311,139.047,138.458,137.564,138.568,141.157,139.305,140.230,139.750,141.302,142.411,142.723,144.448,146.464,147.004,147.044,146.830,145.696,146.268,144.223,140.749,139.044,140.094,143.287,146.323,146.522,145.413,146.058,144.783,143.174,143.717,143.246,142.940,142.716,142.165,140.505,133.599,131.070,133.766,138.109,139.725,139.437,139.159,139.149,140.162,141.822,144.081,148.161,152.204,156.054,160.880,162.615,162.731,161.939,165.113,167.980,168.753,170.134,173.090,179.845,180.482,184.107,190.629,188.192,,,,,
SUUR0000SEFV,Food away from home,100.2,100.5,100.7,100.8,101.0,101.2,101.5,101.7,102.0,102.0,102.1,102.4,102.7,102.9,103.2,103.5,103.8,104.0,104.4,104.7,105.0,105.3,105.4,105.6,105.9,106.1,106.2,106.3,106.6,106.9,107.1,107.2,107.5,107.7,107.9,108.1,108.0,108.4,108.6,108.7,108.9,109.2,109.4,109.6,109.7,110.0,110.3,110.6,111.0,111.3,111.5,111.8,112.0,112.2,112.7,113.0,113.3,113.6,113.7,113.9,114.4,114.7,114.9,115.2,115.4,115.7,116.0,116.4,116.6,117.0,117.3,117.5,117.8,118.1,118.4,118.7,119.1,119.4,119.7,120.0,120.2,120.6,120.8,121.2,121.811,122.208,122.324,122.710,122.989,123.458,123.997,124.517,125.043,125.361,125.630,125.875,126.377,126.837,127.220,127.595,128.152,128.847,129.552,129.981,130.708,131.297,131.732,132.107,132.472,132.826,133.006,133.303,133.436,133.593,133.724,133.861,133.987,134.152,134.384,134.469,134.522,134.552,134.562,134.759,134.881,134.926,134.850,135.500,136.068,136.170,136.328,136.483,136.741,136.960,137.385,137.869,138.102,138.502,138.785,139.287,139.642,139.895,140.216,140.478,140.884,141.139,141.436,141.837,142.214,142.555,142.855,143.274,143.511,143.635,143.811,143.979,144.170,144.320,144.600,145.082,145.345,145.579,145.806,146.084,146.221,146.428,146.779,146.975,147.078,147.410,147.843,148.214,148.438,148.725,149.218,149.563,150.020,150.352,150.894,151.286,151.452,151.898,152.143,152.527,152.841,153.127,153.109,153.494,154.542,154.855,155.146,155.309,155.790,155.980,156.312,156.682,157.032,157.275,157.580,157.947,158.250,158.485,158.620,158.864,159.518,159.869,160.086,160.454,160.792,160.846,161.123,161.732,162.273,162.376,162.668,163.037,163.589,163.964,164.129,164.492,165.035,165.342,165.513,165.838,166.196,166.379,166.886,167.512,168.116,168.701,169.027,169.585,169.940,170.475,170.800,171.209,171.643,171.965,172.249,172.735,173.409,173.782,174.075,174.696,175.601,176.602,177.449,178.102,179.182,179.634,180.048,180.822,181.526,181.581,181.974,182.528,183.484,184.783,186.249,187.443,188.616,190.162,191.269,192.363,193.624,194.489,195.009,196.134,197.572,199.241,200.636,,,,,
SUUR0000SETA01,New vehicles,99.8,99.7,99.9,100.0,99.8,99.5,99.2,98.8,98.6,98.8,99.5,100.0,100.0,99.6,99.3,99.2,98.9,98.6,98.2,97.7,97.7,98.3,99.5,99.9,99.1,98.3,97.9,97.6,97.2,96.8,96.4,96.1,96.5,97.1,97.7,97.7,97.1,96.8,96.8,96.2,96.0,95.5,95.1,95.1,94.8,95.0,95.6,96.0,96.0,96.1,95.8,95.6,95.4,95.1,94.3,93.8,94.0,94.7,96.0,96.7,97.2,97.0,96.5,96.5,96.3,95.7,94.4,93.9,94.6,95.6,96.1,96.3,97.0,96.9,96.6,96.3,95.8,95.5,95.2,94.9,94.9,95.3,95.5,95.6,95.881,95.760,95.658,95.352,94.971,94.659,94.473,94.287,94.223,94.571,95.237,95.409,95.317,95.044,94.497,94.160,93.899,93.728,93.563,92.792,92.206,92.216,92.169,92.123,92.792,93.485,93.761,94.022,94.231,94.475,94.541,93.194,93.770,95.639,96.506,96.570,96.486,96.550,96.338,95.996,95.838,95.759,95.564,95.510,95.686,96.035,96.142,96.335,96.793,97.400,97.893,98.453,99.107,99.391,99.118,98.893,98.945,98.994,99.168,99.345,99.795,100.335,100.400,100.503,100.473,100.444,100.114,99.998,100.084,100.271,100.754,101.074,101.472,101.479,101.544,101.676,101.479,101.375,101.073,100.946,101.030,100.967,101.129,101.309,101.371,101.709,101.620,101.862,101.879,101.422,101.361,101.244,101.275,101.537,101.742,101.802,101.835,102.410,102.496,102.659,102.711,102.664,102.091,101.884,101.782,101.672,101.949,101.981,102.422,102.956,102.936,102.713,102.530,102.195,102.150,101.857,101.815,102.067,102.153,102.394,103.500,103.676,103.292,103.231,102.939,102.443,101.662,101.290,101.009,100.861,101.365,101.973,102.315,102.236,102.079,101.644,101.797,101.961,101.984,101.616,101.289,101.295,101.471,101.623,102.271,102.398,102.759,102.803,102.688,102.587,102.214,101.760,101.229,101.187,101.266,101.686,102.579,102.917,102.492,102.385,102.467,102.389,102.859,102.633,102.561,102.869,102.988,103.583,103.916,104.004,103.901,104.316,105.679,107.425,109.265,110.254,111.586,113.172,114.559,116.035,116.669,116.979,116.998,118.144,119.294,120.127,120.872,,,,,
SUUR0000SETG,Public transportation,99.7,102.1,104.1,103.7,104.6,105.5,106.3,106.4,104.7,103.7,104.3,104.4,104.5,104.8,104.1,104.0,104.5,107.4,106.6,105.4,104.9,103.0,101.7,101.8,102.1,102.8,103.2,104.1,105.0,104.3,103.8,103.6,102.0,100.8,100.7,101.0,100.6,101.6,102.5,103.2,105.5,106.9,107.6,105.9,104.8,104.8,103.0,101.9,102.4,103.1,104.0,104.6,104.2,105.2,105.8,102.6,101.0,102.2,102.8,101.3,100.9,102.1,104.2,106.5,108.1,110.3,111.8,109.9,109.0,109.6,108.6,107.1,108.3,109.2,109.8,111.2,113.3,115.9,116.8,114.5,112.3,110.9,107.8,106.8,108.559,109.680,110.630,111.290,111.924,114.480,115.192,114.054,113.168,114.032,114.599,114.506,114.928,116.431,119.296,120.351,124.495,130.150,131.994,130.472,126.804,122.242,118.685,116.641,115.236,113.788,113.652,113.005,112.940,115.080,117.740,117.675,117.973,118.730,120.068,120.092,118.357,118.980,120.406,122.649,124.715,126.112,125.429,124.047,123.028,123.094,124.891,125.953,127.867,130.238,132.236,132.656,132.420,132.792,132.797,132.755,131.689,130.912,130.754,129.527,128.355,129.429,131.700,134.091,135.116,134.534,132.221,130.837,130.989,131.709,132.312,132.715,132.988,133.373,135.747,136.551,138.739,138.805,135.762,132.182,131.883,133.850,136.358,131.906,128.922,130.072,131.628,135.767,142.140,142.745,134.835,128.576,127.557,129.668,130.997,126.558,124.957,125.722,125.810,128.002,133.834,135.722,128.855,123.531,122.622,125.472,127.385,123.844,123.561,124.832,124.787,128.097,132.529,132.457,125.004,120.600,119.992,120.915,122.232,120.096,121.046,123.770,124.864,128.053,130.048,128.845,122.682,117.563,117.466,119.905,119.845,116.503,116.567,119.142,119.935,121.941,123.466,122.561,118.669,115.675,115.828,117.577,117.026,112.992,112.989,115.863,116.447,119.053,123.459,122.981,118.569,116.127,116.631,118.663,118.673,113.264,114.011,116.961,107.381,102.362,100.744,101.613,101.102,96.525,100.462,102.542,104.368,99.543,98.325,100.264,100.737,109.504,118.736,120.944,115.988,105.048,99.651,101.350,104.558,102.837,102.967,106.936,114.123,130.024,144.170,143.901,134.532,,,,,
